checkpoint,robust_score,nominal_score,moderate_score,strong_score,nominal_success,moderate_success,strong_success,average_success
original_500k,61.580982,57.251029,58.995382,48.216270,0.8000,0.8000,0.6000,0.7333
narrow_lr1e4_525736_steps,61.277321,56.822757,61.995535,43.432986,0.8000,1.0000,0.6000,0.8000
narrow_lr1e4_600736_steps,57.799284,63.903409,56.371906,35.233161,1.0000,0.8000,0.6000,0.8000
final_100k,54.522100,53.776491,53.411024,39.293630,0.6000,0.6000,0.8000,0.6667
narrow_lr1e4_575736_steps,49.355851,44.420992,55.830521,35.108136,0.4000,0.6000,0.4000,0.4667
narrow_lr1e4_550736_steps,46.233857,36.665212,44.414136,42.139849,0.4000,0.6000,0.4000,0.4667
